Category,NewCat
Earnings,Earnings
Impairments,Earnings
Personnel,Personnel
Capital,Earnings
Equity Analysis,General
Credit Rating,Earnings
General,General
Conduct,Conduct
Asset Sale,Earnings
Lending,Earnings
HR,General
Mortgages,Products
Consumer,Products
Brexit,General
Deposits,Products
Dividend,Earnings
MA,MA
Funding,Earnings
New Product,Products
Banking license,General
Branding,General
Listing,Earnings
Cancelled Product,Products
Tech,Fintech
Fintech,Fintech
Securitisation,Earnings
Systems,Systems
Scams,General
Branch Closures,General
Insurance,Products
Overdrafts,Products
Credit Ratings,Earnings
Pension,Products
Pensions,Products
Over,Products
Credit Cards,Products
